name,apCost,description,category,extra,role,order
counterattack,0,"When an enemy within reach
rolls a tough choice or worse on a basic attack against you, you parry their attack and take no damage. If they
roll a failure or worse, you may also immediately roll the die to make a basic attack on them. This counterattack does not count as a turn.",dueling,,FIGHTER,1
wild attack,0,"You attack with reckless power, disregarding your safety. Describe a signature style for this attack and what it looks like when you make it.
<hr/>
20: You deal quadruple damage.
<hr/>
11-19: You deal double damage.
<hr/>
6-10: You deal double damage to the enemy, but they counterattack you.
<hr/>
2-5: You miss. All enemies within reach may counterattack you immediately.
<hr/>
1: Your weapon breaks.",dueling,ROLL,FIGHTER,2
overpower,1,"You use your strength to overpower a commoner or minion within reach. (You cannot use this ability on bosses.) Describe how you overpower them. You put the target in a compromised position until they spend a turn getting out of it. During this time, basic attacks hit them for double damage.",dueling,,FIGHTER,3
disarm,1,"You disarm an NPC within reach. If you have a free hand, you may take the weapon for yourself, or you may toss the weapon aside. You may disarm the NPC on your turn or immediately after they roll a failure or worse on an attack against you.",dueling,,FIGHTER,4
duel,1,"You compel a nearby creature
to fight you in single combat. (The creature must already be hostile toward you.)
<br><br>
If you have the Quest Core Deck, take your Basic Attack, Wild Attack, Overpower, and Disarm cards. (If
you don't have this deck, assign these abilities to a standard deck of cards.) Choose three of these cards to use and place them facedown on the table, keeping it secret from the Guide.
The Guide must guess the identity of each card. Reveal the card after each guess. If the Guide guesses correctly, you fail to use the ability on that card. If they guess incorrectly, you use the ability immediately at no AP cost, and it is automatically successful.
If the Guide guesses all three correctly, your foe immediately makes a successful counterattack against you. But if they get all three guesses wrong, you may extend the Duel for another round of three guesses.",dueling,,FIGHTER,5
provoke,0,"Make a nearby creature angry at you by saying something or making a rude gesture. Your target must be able to understand your intent. For the next minute, the target focuses its attention on you, ignoring all others. The effect ends if the target is hit by another creature or if hostilities subside.",tactics,,FIGHTER,1
intercept,1,"If a nearby NPC is about to attack someone, you may rush to intercept the attack. (You must say you're using this ability as soon as the Guide declares the attack.) The NPC makes their attack on you instead.
<br><br>
When you intercept the attack, the attacker immediately becomes affected by your Provoke ability.",tactics,,FIGHTER,2
charge,2,"You lock your gaze on a nearby destination, summoning all of your strength to charge toward it. You violently barrel through any foes in your path, knocking them down and dealing 1 damage to each of them. Creatures you knock down are dazed and cannot use special abilities during their next turn.",tactics,,FIGHTER,3
retreat,2,"You Provoke all nearby enemies to give your allies cover to retreat. If you are in combat, one nearby enemy immediately gets a chance to attack you.
<br><br>
You and any willing allies can then safely and expeditiously disengage from a fight and leave the scene. Commoners and minions will not pursue you, but bosses may still choose to give chase.",tactics,,FIGHTER,4
whirlwind,2,"You become a tornado of martial fury in an attack so swift that creatures nearby can hear a whistling sound in the air. You may use your body or a weapon for this attack.
20: You strike all enemies within reach, hitting them for double damage.
<hr/>
11-19: You hit all enemies within reach. 6-10: You hit all enemies within reach.
<hr/>
Choose one: you deal half damage or your weapon breaks after dealing damage.
<hr/>
2-5: You hit one enemy within reach, then your weapon goes flying in the air.
<hr/>
1: You spin wildly until you feel sick, and an enemy disarms you.",tactics,ROLL,FIGHTER,5
summon the blood,1,"When you regroup (p. 14), you bolster the spirits of your party by reciting a poem. You must recite a poem at the table for your friends. You can write your own or read one from another author, like from a book, movie, or TV show.
<br/><br/>
When completed, your party recovers an additional 3 HP from regrouping.",camaraderie,,FIGHTER,1
valiant soliloquy,2,"You inspire your allies with a rousing speech. You can write your own or borrow one from a play or movie. It can be short; reading a few powerful lines is enough.
<br><br>
You must give the speech at the table. When you complete it, each member of the party gains the option to redo their next roll. This option expires at the end of your scene if it has not been used.",camaraderie,,FIGHTER,2
war story ,0,"Once per game session, you may earn 2 AP by recounting a battle from your past adventures. You can only
<br><br>
use this ability during downtime in the story, like when you regroup or undertake a journey. (You can't spout history during combat.)
<br><br>
You must recount a different conflict each time you use this ability. If there is no battle to recount, you can make one up from your character's past.",camaraderie,,FIGHTER,3
marshal,1,"When you face a serious test of strength, you can organize the help of your allies to overcome it. The whole party must be nearby and able to participate.
<br><br>
Everyone in the party must roll the die. If a majority of players scores a success or better, you are able to overcome the challenge.
<br><br>
You can use this for feats that would be improbable to accomplish alone, like breaking through a reinforced door, lifting a wooden beam off of someone, or winning a tug-of-war contest against a giant. The Guide will decide what is outside of the limits of this ability.",camaraderie,,FIGHTER,4
bond,0,"Choose a member of your party
to form a special partnership with. They must want to form the bond with you. You may only bond with one party member at a time, and the bond cannot be broken until your partner dies or abandons the party.
<ul>
<li> You may now use Intercept (p. 36) for no AP to defend your partner from an attack.</li>
<li> You can now sense when your partner is in danger, even if you are separated.</li>
<li>
You are immune to fear when your partner is at death's door.</li>
<li>
You notice your heart beating stronger when your partner is nearby.</li>
</ul>
",camaraderie,,FIGHTER,5
size up,0,"You evaluate the capabilities of a nearby creature or group of creatures. The Guide will give you useful insight into their capabilities, strength, vulnerabilities, and/or resistances. At a minimum, you will receive an accurate assessment from the Guide about whether they would pose a fair fight.
<br><br>
The Guide will deliver this information to you narratively. For example, they might say ""you notice the giant spider flinching at the sight of your torch,"" rather than telling you it is vulnerable to fire damage.",leadership,,FIGHTER,1
plan,3,"If you have time to prepare before a conflict and you can choose when it begins, you may ambush your enemies and take the first round. Before action begins, each party member must say what they will do during their first turn. The Guide will then resolve these actions simultaneously.",leadership,,FIGHTER,2
recruit,1,"You command a nearby commoner or minion to assist you. (They cannot currently be hostile toward you.) You can have them join a fight or perform other tasks, like watching a door, defending an area, or delivering a message. They will follow your commands to the best of their ability, but they won't follow absurd or suicidal orders.
<br><br>
The Guide plays the part of the NPC. After one day or when they complete the task you give them, the recruit will leave you and return to their business.",leadership,,FIGHTER,3
attendant,7,"While in a populated area,
you may find and recruit an NPC attendant. The Guide will tell you how you find this person and who they are. The attendant will stay with you permanently until you dismiss their service. You may only have one attendant at a time.
<br><br>
The attendant is a Fighter-based minion who is played by the Guide. They have
10 hit points and can use the Counter Attack, Wild Attack, and Provoke abilities. The Guide will create the rest of the attendant's characteristics.
<br><br>
The attendant is your ally and a capable apprentice. (The Guide plays as the attendant like any other NPC, but you may give them orders.) They'll run errands for you, assist you in combat, and follow other orders to the best
of their ability. But they may choose not follow absurd, suicidal, or morally ruinous orders.
<br><br>
This arrangement is based on mutual respect; your attendant follows you to learn what you know. If you betray your attendant, they may abandon you.",leadership,,FIGHTER,4
technique,0,"You are always deadly, even when not holding a weapon. Attacks with your body (like punches and kicks) now hit for 2 HP.",body,,FIGHTER,1
flow,1,"When you roll a 20 on a basic attack, you may briefly enter a state of intense focus. After completing your initial attack, you may immediately make one basic attack on each enemy within reach. These attacks are automatically successful.",body,,FIGHTER,2
yawp,1,"Once per scene, you may make
a show of bravado to frighten nearby creatures. Any common folk nearby will seek shelter, run away, or attempt to appear non-threatening.
<br><br>
20: Half of all minions flee the scene. 
<hr/>
11-19: One minion flees the scene.
<hr/>
6-10: One minion flees the scene, unless their boss is present.
<hr/>
1-5: They laugh at you.",body,ROLL,FIGHTER,3
focus,0,"You pause briefly, closing your eyes and clearing your mind of its reflexive habits. Your restless self fades away as your body becomes your task.
<br><br>
<div> <div class=""ap"">3</div> You immediately use your Flow ability, even if you didn't roll a 20. </div>
<div> <div class=""ap"">4</div>You become wind; until the end of your current fight, minions cannot hit you with basic attacks unless they roll 20. This effect ends if you are hit.</div>
<div> <div class=""ap"">5</div>You purge a poison or illness from your body</div>",body,VARIABLE,FIGHTER,4
defy death,4,"If you would die from an enemy's attack, you may overcome fate to make a last stand. Instead of dying, you stay on your feet but remain at 0 HP. If you also make an appeal to your dream
(p. 28), you recover 1 hit point. You must say something that references your dream — to declare why you now live to die another day.
<br><br>
You laugh at death, but death demands a toll. Each time you use this ability, you increase a supernatural bounty on your head. In quiet moments, you begin to feel as if the shadows are watching you.",body,,FIGHTER,5
limit break,0,"You achieve a transcendent unity of mind and body that allows you to passively channel the magic around you and push yourself beyond your natural limits.
<div> <div class=""ap"">7</div>You single-handedly rout all nearby minions that you can see in a stunning display of martial fury. You may choose to kill or intimidate any number of them. Describe how you clear the scene of these foes.</div>
<div> <div class=""ap"">4</div>You mark an enemy, beginning
a relentless assault on them. You automatically make three successful basic attacks on them. Then, you may continue making basic attacks on them until you roll lower than a success.</div>
<div> <div class=""ap"">3</div>You briefly gain unbelievable strength to perform one task. You
can do things that were previously impossible, like single-handedly lifting a giant boulder, running through a brick wall, or knocking a giant to the ground. You can now do things that were just beyond your reach, but not things that are absurd. (You can't move a mountain or lasso the moon.) The Guide will decide what's possible.</div>",legendary,VARIABLE,FIGHTER,1
champion,0,"Tales of your heroic deeds have spread through the lands, elevating your stature into the stratosphere.
<br><br>
You are now a hero, especially to
those who value power. Authoritarian- minded people are especially vulnerable to your reputation, and most will defer to you in reverence. This includes town guards, bandits, and others who enjoy using force.
<br><br>
You gain the Recruit ability (p. 38)
if you do not already have it, and you may use it for no AP cost on your fans or those who are awestruck by your prestige.
<br><br>
You also gain the Attendant ability (p. 38). It now costs 4 AP to use.",legendary,,FIGHTER,2
steel pact,0,"Choose a weapon you own. You form an extraordinary bond with it that cannot be broken unless the weapon
is destroyed. You now sense which direction your weapon is in and feel a vague sense of how far away it is. If it is beyond your current plane of existence, you sense nothing but a dull feeling of sadness.
<div> <div class=""ap"">0</div>When you roll a failure when using this weapon, you may reroll the die once. You must take the result of the reroll.</div>
<div> <div class=""ap"">0</div>When you roll a 20 on an attack against a minion while using this weapon, you automatically kill it, unless it has immunity against weapon attacks.</div>",legendary,VARIABLE,FIGHTER,3
declare,0,"Once per scene, you may declare
a reason for intervening in a matter, steeling your resolve. The reason should be based on your ideal (p. 26) and
the scene's context. For example, if you believe in order, you might tell highway robbers they're breaking the law. Or
if you believe in honor, you might say there's no honor among thieves.
<br><br>
Choose one result:
<ul>
  <li>You immediately make a successful basic attack on a nearby foe.</li>
  <li>You compel an NPC to explain what they are doing (they may lie to you).</li>
  <li> You convince commoners to leave.</li>
</ul>",invocation,,INVOKER,1
petition,2,"When you regroup (p. 14),
you may close your eyes and calm your body. You recite a short petition and receive a boon.
<br><br>
You must recite a petition at the table that contains all of these parts:
<ul> 
  <li>An address line, like ""in the name of God"" or ""for the love of wisdom.""</li>
<li>A request, like ""I ask for strength.""</li>
<li>An adulation, like ""for I am your
humble servant"" or ""for you are the truth.""</li>
</ul>
When you are finished reciting the petition, all of your hit points are restored.",invocation,,INVOKER,2
invoke,3,"You leave your worldly body behind and create an astral projection of yourself. You must be in a quiet place with no other creatures around to begin the ritual.
<br><br>
While in this trance, you can only vaguely sense if there is danger around your mortal body. You may exit the trance at any time.
<br><br>
Your mind enters a liminal plane of existence. You experience this place like a dreamworld in the stars; it might be a lush paradise in a nebula, an idyllic homestead, or a temple in the fires of creation.
<br><br>
Set a timer. You may speak about anything you like. If you ask any of these questions, the Guide will give you a truthful answer:
<ul>
   <li>Am I on the right path to ____________?</li>
   <li> Is ___________ who they say they are?</li>
   <li> Am I living up to my ideal?</li>
   <li>Have my actions unknowingly caused anyone harm?</li>
   <li>How can I redeem myself?</li>
</ul>",invocation,,INVOKER,3
vow,0,"You create a vow that permanently binds you in service of an ideal. You may only do this once. There is no turning back.
<br><br>
You can express this bond as devotion to a deity, a people, a cause, or something else that represents or is served by your ideal. (You may use an ideal you chose when creating a character, or choose
a new one.) You must be in a safe and quiet place to make the vow, and it must include:
<ul>
   <li> Something you promise to actively do in service of your ideal, like helping the sick.</li>
   <li>A person, place, or group you promise to protect when nearby.</li>
   <li> A wrong from your past that you pledge to make amends for someday.</li>
</ul>
<ul>
Once the vow is created, you receive these ongoing benefits:
<ul>
    <li>You can now use your Invoke ability once per game session for no AP cost.</li>
   <li> The healing effect of your Petition ability now affects nearby party members in addition to you.</li>
 <li> Your eyes now have a faint glow.</li>
</ul>
You have a sacred obligation to fulfill
the promises you have made. Each time you betray the promises of your vow in a serious way, you feel a sharp pain in your heart, and your maximum HP decreases by 1. You cannot be reduced below 5 maximum HP from this effect.",invocation,,INVOKER,4
soul gaze,1,"Your eyes turn black, like shimmering gateways to eternity, as you peer into the eyes of a nearby creature. They become momentarily transfixed on your gaze.
<br><br>
20: You learn the creature's ideal and flaw. You also learn the worst and best thing they have ever done.
<hr/>
11-19: You learn their ideal and flaw.
<hr/>
 6-10: You learn their ideal and flaw, but
one is false.
<hr/>
1-5: They resist your invasion and briefly glimpse your recent thoughts.",inquiries,ROLL,INVOKER,1
impression,1,"You brush against a creature for a fleeting moment, feeling its desires. The Guide chooses and reveals to you something specific that the creature routinely craves. You become cursed to also crave that thing and cannot use Impression again until you fulfill the desire. When you fulfill it once, the curse is lifted.",inquiries,,INVOKER,2
evil eye,1,"You pause, closing your eyes and quieting your mind. You sense the worst thing that ever happened nearby. The Guide will describe to you the type of thing that happened and what the people involved look like.
<br><br>
For example, you might learn that someone was murdered, a curse was created, or an evil vow was taken.",inquiries,,INVOKER,3
shadowseek,3,"You seek the location of a specific creature or object by projecting your consciousness into a shadow plane
(p. 33). You must know what your target looks like.
<br><br>
20: You glimpse the target in real time and can see its nearby surroundings. If it is a creature, you may speak to them for 1 minute. They cannot see you, but they hear you in their mind. If you touch them, they feel a faint sensation, as if a breeze passes through them.
<hr/>
11-19: You glimpse the target in real time, can see its surroundings, and may watch it for the next minute.
<hr/>
6-10: You briefly glimpse the target and can see its surroundings, but you don't know if you're seeing it in the present moment.
<hr/>
2-5: You walk the shadow plane for 1 minute, finding only darkness.
<hr/>
1: You walk in darkness. If you were searching for an enemy, they see you instead, learning your exact location.",inquiries,ROLL,INVOKER,4
inspire,1,"You inspire a nearby NPC by reciting a meaningful statement to them. You may invent a famous quote or proverb, or borrow one from the real world. The creature must be able to hear and understand you, and cannot currently be hostile toward you.
<br><br>
Until the end of the day, the NPC shapes their behavior around their ideal, and cannot fall victim to their flaw.",verdicts,,INVOKER,1
compel truth,1,"Your eyes glow like blue flames as you look into the eyes of a nearby creature and grip their mind.
<br><br>
20: The target is compelled to answer all questions truthfully for the next 5 minutes. You may set a real timer.
<hr/>
11-19: The target is compelled to answer three questions truthfully.
<hr/>
6-10: The target is compelled to answer one question truthfully.
<hr/>
2-5: The target resists your invasion and senses you tried to manipulate them.
<hr>
1: The spell backfires. The target may compel you to answer a question truthfully instead.",verdicts,ROLL,INVOKER,2
forgive,3,"While placing your hand on a creature and telling them they are forgiven, they immediately feel guilt fade from their conscience. You must know a specific act or circumstance that the creature feels guilty for. Your words of forgiveness must be in the form of a Petition (p. 42).
<br><br>
If you use this on a commoner or minion, they will become awestruck as if they have received a blessing from a god. They may begin to follow you as if you are a prophet, and they will not willingly cause you harm.
<br><br>
If you use this on a boss, you will temporarily endear them to you. They will not harm you until the next time you meet, unless you or the party tries to harm them. They cannot be affected by this spell twice.",verdicts,,INVOKER,3
liberate,4,"You place your hand on an NPC, channeling the weight of your devotion and resolve. By speaking a word of power, you alleviate them of a character flaw. (You must already know one of their flaws.) They are effectively cured of the flaw and it no longer affects their behavior.
<br><br>
This also has the effect of your Forgive ability and relieves the creature of any guilt for succumbing to their flaw in the past.",verdicts,,INVOKER,4
fiery avenger ,1,"Choose a phrase to use for this spell.
<br><br>
You speak the phrase of power, igniting your weapon in a magical flame of any color. While the weapon is on fire, it acts as a torch that casts light nearby. The flame increases the weapon's damage by 1. The flame persists until you roll a failure or worse on an attack with the weapon. You may dismiss the flame at any time.",wrath,,INVOKER,1
thunderous word ,2,"Choose a word to use for this spell.
<br><br>
You speak the word of power, releasing a thunderous shockwave in the direction you are facing. The wave knocks up to three creatures backward and hits them each for 2 damage. Creatures affected by the spell are briefly dazed and cannot use special abilities during their next turn.",wrath,,INVOKER,2
lawbringer ,3,"You raise your hand to the sky and summon a spectral warhammer into your grip. The hammer is a one-handed weapon that deals 3 damage. It appears to crackle with blue-green light and leaves a deep, reverberating sound in its wake.",wrath,,INVOKER,3
smite,5,"Speak a word or phrase, condemning a nearby creature that you can see. You engulf the target
in radiant flame, hitting it for 10 HP. If the damage dealt is enough to kill the creature, it explodes into ash, and its body and spirit are permanently obliterated.
<br><br>
If you destroy a creature with Smite, roll the die. On a 2-20, nothing happens. On a 1, the creature's spirit becomes a dark passenger in your mind. You never know when it may decide to speak to you or observe your behavior.",wrath,,INVOKER,4
blazing avenger,6,"You recite a magical statement about your ideal while holding a weapon, imbuing it with incredible power. The weapon gains the following benefits:
<ul>
   <li>It now glows faintly at all times and glows brighter when enemies are nearby.</li>
   <li>When holding the weapon, you may cast Fiery Avenger on it at will for no AP cost.</li>
   <li> When you roll a 20 when making an attack with the weapon, it casts the Smite spell on your target.</li>
</ul>
You can only cast Blazing Avenger on one weapon at a time; casting it again cancels the previous enchantment.",wrath,,INVOKER,5
shield ,1,"You summon a magical shield that appears as an aura of soft light around your body. The shield blocks up to 3 hit points of damage. (Any damage dealt
in excess of 3 HP passes through the shield and hits you.) The shield lasts until it takes 3 or more damage in a single hit.",wards,,INVOKER,1
sigil,2,"You draw a magic sigil on an object. The spell lasts until you cancel it or cast Sigil again. You can only cast the spell if no enemies are currently nearby.
Choose a specific creature for the sigil to affect, or a type of creature, like spirits or werewolves. Then draw a circle on a piece of paper at the table. Draw the creature that will be affected by the spell inside of the circle. Choose one of four effects:

<strong>lure.</strong> The sigil attracts creatures to its location, where they linger for a minute.
<br><br>
<strong>repel.</strong> Creatures who come nearby won't move closer to the sigil or may turn back.
<br><br>
<strong>alert. </strong> Receive a signal in your mind when creatures pass by the sigil.
<br><br>
<strong>message. </strong> The sigil telepathically sends a short message of up to 10 words in your language to creatures passing nearby.
<br><br>
You may keep your drawing and reuse it later when casting this spell again, and you can choose a new effect each time.",wards,,INVOKER,2
rebuke,1,"You utter a righteous word or phrase in the direction of a nearby creature that is approaching you during that creature's turn. (The creature cannot already be within reach.) You release a spectral clone of yourself that rushes them, knocks them back several meters, deals 1 damage, and ends their turn. The clone then disappears.",wards,,INVOKER,3
oblation,3,"You place both hands on a creature, uttering a loving word or phrase. The creature instantly recovers 6 hit points and wakes up if they are unconscious. Or you may choose
to cast this spell with no AP cost by transferring your own hit points to the creature. The creature recovers as many hit points as you are willing to give up.",wards,,INVOKER,4
befizzle,4,"You curse a creature nearby, restricting their use of magic for
the next hour. If they try to cast a spell, they will find it impossible. For example, if the spell is spoken, they forget their lines; if the spell requires hand-waving, they find their arms frozen. If you are casting the spell on a boss, you must concentrate on it to maintain the effect; the spell ends if you move or do something else.",wards,,INVOKER,5
wraith,0,"You become a wraith: a creature between two worlds. Now, whenever you have 0 HP, you may instantly become ethereal. You appear translucent and ghostly while ethereal, but you are still visible to others.
<br><br>
Your ethereal form has a maximum
of 0 HP and cannot be healed. You are immune to all physical (non-magical) harm while in this form. However, harmful magic hits you for double HP while ethereal, and taking damage can still kill you.
<br><br>
You may revert to your normal form at any time during your turn. But you cannot change forms to avoid taking damage immediately after being hit.",legendary,,INVOKER,
sacrifice,0,"You lay your hands on a creature who has died, bringing it back to life. The creature must still have a corpse that is mostly intact. If the creature died of old age, they receive a new maximum lifespan of the Guide's choice.
<br><br>
The sacrifice withers your soul. Each time you use this ability, you must choose an additional character flaw. Additionally, you permanently lose 2 HP from your maximum hit points.
<br><br>
If you reduce your max HP to 0 by using this ability, you acquire the legendary Wraith ability, and you permanently enter an ethereal form. Using Sacrifice while at 0 maximum HP permanently kills you.",legendary,,INVOKER,
prophecy,0,"You delve through time to glimpse
an NPC's fate. You may only use this ability once during your entire story, so use it wisely.
<br><br>
The choice you make shapes the story for everyone. The prophecy must come true; the Guide is obligated to honor the fate you have chosen at some point in the story. When and how it emerges is up to the Guide. You may keep your choice a secret from the party.
<br><br>
Choose one of the following things. It will eventually become true, as you have foreseen.
<br><br>
savior. The creature will sacrifice their life to try to save someone or something.
<br><br>
<strong>betrayer.<strong> The creature will betray their allies at a pivotal moment in pursuit of a hidden agenda.
<br><br>
<strong>leader.<strong> The creature will acquire a meaningful amount of power and authority over a people or place.
<br><br>
<strong>disgraced.<strong> The creature will do something so morally ruinous that they become widely known for their misdeed.
<br><br>
<strong>paragon.<strong> The creature will do something so morally good that they become widely known for their righteousness.",legendary,,INVOKER,
eternity gate,7,"You project yourself past all realities and glimpse a place outside time and space – into The Beyond.
<br><br>
Here, you may seek and find a single truth by posing a question to eternity itself. The Guide will give you a fulsome and accurate answer to your question. If you explain why you are asking the question, the Guide will do their best to answer in a way that satisfies what you were trying to discover.
<br><br>
For example, if you asked “Is my friend still alive in another dimension?” the Guide will tell you whether they are alive. If you explain that you asked because you want to reunite with them, the Guide might tell you exactly where they are and how to get there.
<br><br>
You must seek fact. You won't find satisfying answers to questions like ""What is the meaning of life?""
<br><br>
Casting Eternity Gate is a huge risk.
<br><br>
<div class=""roll-list"">
20: You receive your answer and may ask a follow-up question.
<hr/>
11-19: You receive your answer.
<hr/>
6-10: You receive your information and return to your body after one week. Your mind ages by 1 year in the week.
<hr/>
2-5: You fail to receive the information and return to your body after one week. Your mind is wracked from wrong turns in your search. You age by 10 years. Choose an additional character flaw.
<hr/>
1: Your mind is trapped in The Beyond for 100,000 years, where
you experience an endless search through a maze of other realities. After enduring this ordeal in The Beyond, your mortal consciousness fundamentally changes when you return to your body after one week. The ideals and flaws of your previous self have washed away during your incomprehensible exile. Choose a new ideal, a new flaw, and a new dream to reflect deep changes in your character's personality.
</di>",legendary,ROLL,INVOKER,
wild celebrity,6,"Your presence is now respected by wild creatures everywhere. Wild animals, except bosses, will no longer attack you unless you harm them. (Trained animals and pets can still be commanded to harm you.) You may now use the Speak With Animal (p. 55) and Speak with Trees (p. 53) abilities for no AP cost if you have already learned them.
<br><br>
Your Animal Partner ability (p. 55) now recruits a more powerful animal. Your partner has 10 HP, can hit for 2 HP, and attack twice per turn. If you have an existing animal partner, it is upgraded to these stats.
<br><br>
You send a call while in wilderness to recruit a small army of animals.
They stay with you for the next day. You can choose any combination of wild animals as long as they are native to the area. You may command them, and they all act together during your
turn. The group is treated like a single creature with 20 hit points, and they collectively hit for 6 HP, distributed among up to 6 targets.",legendary,,RANGER,1
slayer,4,"Your experience as a Ranger has taught you to deal with overwhelming odds. Once per scene, you may devastate a group of minions in an impressive acrobatic fashion. You instantly kill half of all nearby minions, rounding up.",legendary,,RANGER,2
friend of the land,0,"You become the friend of a wilderness region that has meaning to you, like a forest or a valley. The region cannot already be under the control of a boss.
<br><br>
You are known to all living things in this area as its ally. You may now use the Shroud (p. 52), Speak with Trees (p. 53), Navigate (p. 53), Track
(p. 54), and Speak With Animal
(p. 55) abilities within your chosen land for no AP cost, if you have already learned them.
<br><br>
When you become the Friend of the Land, a group of volunteer creatures living in your chosen land will create
a natural fort for you in a location of your choice. It takes one week to create. It should resemble in spirit something
animals might create, like a giant ant hill, a meerkat manor, a nest in the trees, or a beaver's dam. It has up to 20 rooms, including a kitchen, a great hall, and an armory. The keep is watched over full-time by allied animal sentries who will notify you of intruders or guests.
<br><br>
Additionally, a small staff of volunteer animals will routinely forage for you, making sure the keep is stocked with vegetables, fruits, and other natural foods from the area that they can collect. They will occasionally invite you to play with them.",legendary,,RANGER,3
animal form,2,"You take the form of a wild animal, adopting its shape, senses, and range of motion. You may choose any creature that is no smaller than
a mouse and no larger than a horse. Everything you carry becomes part of your animal form.
<br><br>
While in animal form, you have 6 HP. You may make basic attacks that hit for 2 HP. You can't cast spells, use items, or speak languages while transformed.
<br><br>
You can return to your normal form at any time. When transforming back, you regain the hit points you had before you transformed. Falling to 0 hit points while transformed instantly returns you to your normal form.",shapeshifter,,NATURALIST,1
gills,1,"You enchant a small amount
of water in a container that you are holding. When you spritz the water
on a creature, they grow small but visible gills, allowing them to breathe underwater for up to 1 hour. This spell enchants enough water to use 6 times.",shapeshifter,,NATURALIST,2
steelsprout,2,"You extend your hand and close your eyes, permanently turning a nearby metal object into a weave of delicate plants. (The object cannot have magical properties or be larger than
a door.) Describe the plants that the object turns into.",shapeshifter,,NATURALIST,3
petrify,0,"<div> <div class=""ap"">2</div> You turn the surface of a nearby commoner or minion to stone for the next minute. The target cannot move, see, hear, or speak during this time. The creature has 50 hit points while petrified. If its hit points are reduced to 0 during the spell, it shatters to pieces and dies.</div>
 <div> <div class=""ap"">2</div> You encase your armor or clothing with a chitinous shell. The shell absorbs up to 10 hit points of damage. If you were hit by a non- magical weapon, the weapon shatters to pieces. The carapace crumbles away immediately after it takes damage. You may cast this spell as a reaction to an incoming attack during another creature's turn.</div>",shapeshifter,VARIABLE,NATURALIST,4
shapeshift,3,"This is a master version of your Animal Form spell (p. 58). The rules are the same, except for these differences:
<ul>
   <li>You can choose a creature no smaller than a housefly and no larger than an elephant.</li>
   <li>You have 10 HP in animal form.</li>
   <li>Your animal form attacks hit for 3
HP.</li>
   <li>You can send messages telepathically to members of the party.</li>
</ul>",shapeshifter,,NATURALIST,5
thorn,0,"You open your palm, conjuring
a poisonous thorn that you shoot in
a straight line toward a nearby target creature or object. The thorn hits for 2 HP.
<br><br>
20: The thorn's poison is amplified. If you hit an organic creature, its skin becomes swollen, it cannot see beyond its reach, and it can't speak or cast spells until the end of its next turn.",summoner,ROLL,NATURALIST,1
wild font,1,"You touch a container holding food, water, or oil. For the next minute, the container summons a surplus
of its contents, spilling the excess material out generously. For example, if you touch a pitcher of water, it will overflow and cover the floor. Or if you touch a sack of grain, it will burst open, creating a large pile.",summoner,,NATURALIST,2
evening star,2,"You summon a wisp of light high in the sky directly above you. (You must
be outdoors to cast this spell.) For the next hour, the wisp sheds light on a huge area, allowing you to see far in the distance. It matches your movement such that it is always located above you. The area the light touches looks as if it were lit by daylight.",summoner,,NATURALIST,3
aurora,5,"Your eyes glitter like dancing wisps as you conjure a dazzling prismatic aurora above you in the sky. The aurora is visible to creatures up to a kilometer away and lasts for the next 10 minutes.
<br><br>
<strong>commoners.</strong> Any common folk who can see the aurora are dazzled and stop what they are doing to stare at it.
<br><br>
<strong>minions.</strong> Minions are also dazzled by the spell and stop what they are doing to stare at it. Hitting a minion frees them from the spell's effects.
<br><br>
<strong>bosses.</storng> The Guide must roll the die. On a 2-10, bosses are dazzled and must choose between moving and acting during their turn. On a 1, they are stunned in place until the spell ends or if they are hit.",summoner,,NATURALIST,4
echoes of creation,6,"
You hum a reverberating melody, summoning a coterie of magical wisps from the ages of creation. The wisps were powerful beings of light who
once roamed the omniverse. Now, like dying stars, these ethereal remnants are burning the last of their energy. They are no longer sentient, but seem to sense the world around them. For the next minute, the wisps float about the area, restoring the hit points of all creatures and animating new plant
life. Every creature in the scene stops what they are doing while the wisps are present and remain still with awe until they fade to the beyond.",summoner,,NATURALIST,5
freeze,0,"<div> <div class=""ap"">0</div> You blow cool air, creating freezing winds that swirl around a nearby creature or object. Affected creatures feel a deep chill in their bones and are hit for 1 HP. You can use the spell to snuff out small fires.</div>
<div> <div class=""ap"">2</div>You freeze a nearby commoner, minion, or object, encasing it in ice until you leave the scene. If you freeze a creature, it cannot move or act. The ice shatters, and the creature is freed if it takes any additional damage.</div>",elementalist,VARIABLE,NATURALIST,1
burn,0,"<div> <div class=""ap"">0</div> You blow hot air, creating scorching winds that swirl around a nearby creature or object. The heat
is enough to make the creatures very uncomfortable but not enough to harm them.</div>
<div> <div class=""ap"">1</div>You overcharge the spell and ignite the target in flame instead, hitting it for 2 damage and setting it ablaze.</div>",elementalist,VARIABLE,NATURALIST,2
shock,4,"Choose a target creature or object you can see. A bolt of lightning strikes it from the sky or from your hands, dealing 8 damage and creating a deafening blast of thunder. If the creature has metal connected to their body, it becomes molten, hitting them for an extra 2 HP.",elementalist,,NATURALIST,3
fireball,5,"You shape an orb of fire suspended in the air in front of you
and send it streaking in a straight line toward a target you can see. The fireball explodes on contact, dealing 6 damage to any creatures and objects it hits. You can shape the spell to avoid allies or creatures you do not want to harm.
<div class=""roll-list"">
20: The explosion hits all creatures near the point of impact for double damage.
<hr/>
11-19: The explosion hits up to 4 creatures near the point of impact.
<hr/>
6-10: Choose one: the explosion hits you and up to 4 creatures near impact, or the fireball fizzles into a cloud of smoke.
<hr/>
2-5: The fireball misses and hits random targets of the Guide's choice.
<hr/>
1: It explodes in your face, hitting you and up to 3 nearby creatures.
</div>
",elementalist,ROLL,NATURALIST,4
cloudcall ,1,"You swirl your hands in the air, producing a thick fog centered on you. The fog rolls out rapidly, spilling around corners and down slopes. Within a few seconds, you blanket everything nearby in fog. Creatures inside the fog cannot see beyond their reach, preventing them from making ranged attacks. The fog disperses after you leave the area, or if the area is hit by strong winds.",stormcaller,,NATURALIST,1
vortex  ,2,"You create a howling vortex within a body of liquid that you can see. The vortex lasts until you leave the area. Any creatures touching the vortex are violently sucked in, submerged, and then spit out, each taking 2 damage.",stormcaller,,NATURALIST,2
gale  ,3,"You close your eyes and stir the air, shaping the winds around you. A gale forms that you can spread across an area of any size and shape in your scene, as long as you can see its area of effect. Inside the area of effect, wind blows at ferocious speeds, kicking up dust and sending small objects flying. Creatures inside can't see far away, only what's nearby.
<br><br>
When you begin the spell, the gust knocks creatures to the ground and sends them tumbling backward until they leave the area of effect. Creatures outside of the gust cannot enter it unless they are larger than the area of effect.",stormcaller,,NATURALIST,3
riverfury  ,4,"You whisper a magical incantation to a flowing river within range. The river gathers a surge of strength upstream. A torrent of water arrives at your location in the path of the river 15 seconds later. All creatures caught in the torrent are swept downstream and deposited on shore far away, beyond where you can see.",stormcaller,,NATURALIST,4
stormcall,0,"<div> <div class=""ap"">2</div> You produce a circle of dark, electrically charged clouds somewhere you can see in the sky. The storm lasts until you leave the scene. While the storm is active, you may call upon it to produce these effects:</div>
<div> <div class=""ap"">1</div>You cause a downpour.</div>
<div> <div class=""ap"">1</div>A deafening crack of thunder shakes the ground. All creatures under the storm cannot hear anything beyond their reach until the end of the scene.</div>
<div> <div class=""ap"">3</div>If you have learned the Shock ability, you may use it for 3 AP.</div>
<div> <div class=""ap"">X</div>A bolt of chain lightning rips through NPCs you can see, hitting them each for 4 HP. Spend 1 AP per target.</div>",stormcaller,VARIABLE,NATURALIST,5
wild aspect,0,"<div> <div class=""ap"">1</div> <strong>eagle.</strong> You gain eagle-eye vision
for the next minute. You can see anything in your line of sight clearly, even if it is far away, and you can detect faraway movement that would be imperceptible to a normal person.</div>
<div> <div class=""ap"">2</div><strong>cat.</strong> You purr softly under your breath, imbuing up to 6 nearby creatures with the spirit of the cat.
For the next hour, affected creatures gain the ability to see things nearby
in complete darkness as if they were
in a dimly lit room. The effect cannot pierce magical darkness. Affected creatures may occasionally feel the urge to stop what they are doing and clean themselves.</div>
<div> <div class=""ap"">2</div><strong>wolf.<storng> You howl, imbuing up to 6 nearby creatures with haste. (Howl at the table.) For the next hour, creatures affected by the spell can outrun any other creatures while traveling by foot.</div>",spiritcaller,VARIABLE,NATURALIST,1
prey sense,1,"You sharpen your sense of danger for the next hour. You feel a subtle signal in your body whenever you will imminently be threatened by another creature. (The hair on your skin might raise, or you might feel a tingling in your bones.) This includes creatures that you can't see.
<br><br>
If you detect a creature this way, your party cannot be ambushed. (If you detect a creature trying to attack you, your party gets the first round in combat.)",spiritcaller,,NATURALIST,2
nature's watch,3,"You extend your senses for the next hour. Choose two effects each time you use this ability:
<br><br>
<strong>aurasight.</strong> Detect a faint outline around anything that is currently affected by a spell.
<strong>infrasight.</strong> Detect objects nearby whose relative heat makes them stand out, like creatures with warm bodies. This works through walls.
<strong>darksight.</strong> See in darkness nearby as if it were dimly lit.
<strong>mirrorsight.</strong> See around corners inside of enclosed spaces, like buildings. You must be within reach of the corner. (For example, you can see around the bend of a hallway.)
<strong>realsight.</strong> Detect whether something is an illusion. Illusions you detect with this spell appear to flicker.",spiritcaller,,NATURALIST,3
command nature,0,"<div> <div class=""ap"">0</div> You whisper a rhyming couplet to the living plants around you. You can write your own or borrow one from another author. Use one that plants might appreciate, like ""Hear my voice ring, and welcome the spring.""
<br><br>
Your brief poem entreats the plants to produce a harmless effect by moving or growing slightly. The things you want to manipulate must be within range. You may make trees rustle, cause leaves to fall, get plants to bloom, vines to expand, and seeds to sprout.</div>
<div> <div class=""ap"">1</div>If you can explain how, you can have the effect deal 2 HP of damage to a nearby target. For example, you might have vines grow thorns and lash a creature, or have a tree shake its acorns on their head violently.</div>",ecologist,,NATURALIST,1
memories of stone,3,"If you encounter a stone monument, like a mountain, canyon,
or statue, you may touch it to channel its ancient wisdom. You must tell
the stone a story about your family — perhaps a memory of a gathering, like a holiday. Give this story at the table.
<br><br>
The monument reciprocates your offering by sharing its wisdom.
<ul>
  <li>You sense whether this world is real and natural, or some kind of machination.</li>
<li> You sense whether there are any long-lost monuments beneath the surface, like hidden temples or ancient vaults.</li>
<li>You vaguely sense the most powerful lost artifact in this world and the region where it might be located.</li>
</u>",ecologist,,NATURALIST,2
shift season,4,"You manipulate the elements to change the current season everywhere within 1 kilometer of your location. You can choose any season for the world you inhabit, and the effect lasts for the next day. The spell takes a minute to cast; the effect emanates rapidly from your location. The weather inside the zone will be unpredictable, but typical of the season you choose. For example, if you turn a hot season to a cold one, you may bring snow.
<div class=""roll-list""> 20: You choose the season and may also choose the weather inside the area (excluding natural disasters like hurricanes). The effect lasts for one month.
<hr/>
11-19: You choose the season and the weather (excluding disasters).
<hr/>
6-10: You choose the season.
<hr/>
2-5: The Guide chooses the season, and a storm begins to affect the region that makes travel more difficult.
<hr/>
1: You accidentally cause a natural disaster to form. The Guide chooses the disaster.</div>",ecologist,ROLL,NATURALIST,3
nature's wrath,7,"You channel elemental fury. You create a storm centered on you with a radius of 1 kilometer. It lasts as long as you wish to channel it, but you take 1 HP of damage for each turn you spend maintaining the spell. You may choose the size of the storm eye, which is
safe inside. Choose the nature of the disaster each time you cast this spell:
<br><br>
<strong>lightning.</strong> Electricity streaks through the storm, arcing through conductive objects and lashing any NPCs caught in it. Each NPC caught in the storm is hit for 2 HP during each turn you cast the spell.
<br><br>
<strong>blizzard.</strong> Water condenses in the storm field, turning into apple-sized balls of hail. The air temperature in the storm field is freezing. NPCs in the storm field are hit for 1 HP during each turn you maintain the spell. Creatures cannot see beyond their reach in the howling whirl of ice.
<br><br>
<strong>hurricane.</strong> Sustained winds of terrifying force whip through the storm field. Weak buildings are completely destroyed, all windows are shattered, many roofs will cave in, and trees may be uprooted. Most unsecured objects are picked up by the storm and sent flying far away. Any NPCs caught in
the storm field are blown around, can't move, and are hit for 4 HP for each turn you cast the spell.",legendary ,,NATURALIST,1
wild evolution,0,"Your physical essence becomes permanently intertwined with that of
a chosen animal’s form. The animal can be no smaller than a mouse and no larger than an elephant. You may only choose this form once.
You may morph back and forth between your original form and your chosen form at will. When you change between forms, you maintain your current hit points.
You adopt the animal's natural capabilities while you are transformed. For example, if you transform into an eagle, you may fly. Your basic attacks in animal form hit for 3 damage.
You may now cast spells in animal form and speak telepathically to your allies.
You can still use the Animal Form and Shapeshift abilities (p. 58), and the rules for those abilities still function as usual.",legendary ,,NATURALIST,2
to dust,3,"You return a crafted object to nature, instantly reducing it to dust.
<br><br>
The object must be small enough to fit inside a 10x10-meter cube. The transformation is permanent and cannot be reversed.",legendary ,,NATURALIST,3
world wish,0,"You become the seed for a new world. Casting this spell consumes your life forever; you can never be brought back.
<br><br>
Your entire knowledge of nature manifests in the spell. When you cast it, your body dissipates in radiant light, becoming a cascading wave of energy that transforms the planet you are on. The wave of energy first alters the atmosphere, making it capable
of supporting life if it is not already suitable.
<br><br>
Then, a blooming cascade of living flora emanates from your location, rapidly growing and overtaking the planet’s surface. The bloom radiates outward from your location until the entire planet is transformed. The spell forms oceans and rivers if they do not already exist.
If you choose at the time of casting, the spell disintegrates any constructed objects, like buildings or infrastructure, returning the land to nature. Any objects that are destroyed in this
way are done so gracefully, such that existing living things, like people and animals, are lowered to the ground unharmed.
<br><br>
This is a permanent transformation that cannot be stopped, interrupted, or reversed by countermagic.",legendary ,,NATURALIST,4
mend  ,1,"You gently touch a creature, immediately restoring 5 HP and mending minor wounds like cuts and bruises. The spell does not remove impairments, heal permanent wounds, or cure disease. You cannot use this spell during combat.",healing,,DOCTOR,1
relieve  ,1,"You say something comforting to a nearby creature, alleviating them of anxiety, pain, and discomfort for one hour. In this state, the creature cannot be affected by fear or confusion. For
a brief time, they feel better than they have ever felt before.",healing,,DOCTOR,2
heal  ,2,"You embrace a creature with
a caring touch, restoring all of their
hit points. After a short time, the creature is relieved of any short-term impairments. The spell does not remove permanent conditions. If you are using Heal on another member
of the party, they may contribute any amount of their own AP to help pay for the spell.",healing,,DOCTOR,3
restore,7,"You touch a living creature, completely restoring them to their normal state over the next few minutes. (You cannot cast this spell while in combat.) The spell restores all hit points and removes any harm or damage. If you are using Restore on another member of the party, they may contribute any amount of their own AP to help pay for the spell.",healing,,DOCTOR,4
sleep  ,2,"<div> <div class=""ap"">2</div> You whisper a brief lullaby, putting any number of nearby commoners to sleep for up to one hour. You can write your own lullaby or borrow one from another author. Read it at the table.
Creatures affected by the spell collapse and enter a dreamful state, but wake up immediately if they are harmed.</div>
<div> <div class=""ap"">X</div>You can intensify the spell to affect nearby minions. Add 1 AP for each minion you wish to put to sleep.</div>",alteration,VARIABLE,DOCTOR,1
calcify  ,1,"You touch a creature within range, causing its surface to swell and harden. During this time, they feel numb to external pain. Their hardened shell absorbs up to 2 HP from physical hits. Any damage dealt in excess of 2 HP hits the creature normally. The creature's skin returns to normal after 1 minute.",alteration,,DOCTOR,2
feign death  ,3,"You place up to six nearby creatures in suspended animation
for up to an hour. (You may only cast the spell on yourself or willing allies.) Creatures in this state cannot see, feel, speak, or move, but they remain semiconscious and can hear what is happening around them.
<br><br>
Affected creatures become cold to the touch, and their pulse is undetectable, appearing to be dead to onlookers. Only magic can reveal the ruse. Affected creatures wake immediately if they are harmed and may choose to wake at any time.",alteration,,DOCTOR,3
reshape  ,4,"You touch a creature, reshaping their facial appearance. You can make them look older, younger, or like a completely different person. If you
are making them look like a specific person, you must be able to see a reference of their face while you are casting the spell.
The transformation is permanent and can only be reversed with the Restore spell or by casting Reshape again.",alteration,,DOCTOR,4
lifelink,4,"You entwine the life-force of two nearby creatures. Choose one effect each time you use this ability:
<br><br>
<strong>two-way link:<strong> When either of the linked creatures is dealt damage, the damage is also dealt to the other creature. This does not include damage that hits the creatures simultaneously (like an area- of-effect spell).
<br><br>
<strong>one-way link:</strong> Choose one of the linked creatures. Any time damage is dealt
to this creature, it is also dealt to the other.
<br><br>
<strong>leyline:</strong> When either of the linked creatures is healed, the other creature receives the same amount of healing.",alteration,,DOCTOR,5
deathsense ,0,"<div> <div class=""ap"">0</div> You naturally sense whether any remnants of the dead (spirit creatures) are nearby, but not their positions. The Guide will notify you when this sense is triggered.</div>
<div> <div class=""ap"">1</div>You sense whether any sentient creatures have died nearby and how long ago they died. You can sense the location where any creatures died,
as well as the general nature of their death; you sense if they were killed by natural causes, an accident, or foul play.</div>
<div> <div class=""ap"">1</div>You extend your vision, allowing you to see spirit creatures who are invisible. This effect lasts until you leave the area.</div>",necromancy,VARIABLE,DOCTOR,1
commune with the dead ,1,"If you are aware of one or more spectral creatures nearby (like ghosts), you may communicate with them. You do not need to be able to see a spirit as long as you have sensed its presence, like with the Deathsense spell.
You may have a conversation with
the spirits for up to a minute, and you communicate with them telepathically. You must share a language to understand each other. Spirits must want to respond; if they choose not to speak to you, your adventure point is refunded.",necromancy,,DOCTOR,2
reanimate,1,"You animate a nearby corpse or skeleton, making it your thrall. It can move around, but it cannot leave your scene. The spell ends when you leave the scene.
You control the creature telepathically. It is not conscious, and it only follows your commands. The creature has 3 HP and can attack for 1 HP.",necromancy,,DOCTOR,3
reinstate the dead,0,"You touch a living creature and make it the host for a nearby spirit. Choose one:
<div> <div class=""ap"">5</div><strong>dark passenger.</strong> You merge the creatures. The spirit creature becomes a permanent passenger in the living host's mind. The passenger can't control the body, but it can experience its senses and talk to the host telepathically.</div>
<div> 
<div class=""ap"">1</div><strong>steal host.</strong> The host creature's consciousness fades away. The spirit inhabits and takes full control of the host's body. Fragments of the host creature's memory remain and will occasionally arise in thought. (This can only be used on bosses if they have less than 20 percent of their total HP remaining.)
</div>
",necromancy,VARIABLE,DOCTOR,4
corrupt,0,"You grip an organic creature within reach and create a necrotizing wound. The wound turns flesh black- green and branches out from where you touched them. The spell hits for
1 HP immediately, and again at the beginning of the target's next turn. (A total of 2 damage.) Affected creatures can only recover these hit points with the Restore spell (p. 67).",harm,,DOCTOR,1
nox,1,"You touch a creature, giving them a combination of effects for the next hour. You may choose up to three effects from this list:
<br><br>
Wakefulness, alertness, increased confidence, euphoria, laughter, vivid sensations, relaxedness, sweating, nausea, chills, or irritability.",harm,,DOCTOR,2
afflict,3,"You touch a creature, cursing them with an affliction that lasts up to 1 month. Choose a symptom each time you use this ability:
<br><br>
<strong>the sillies.</strong> The creature acts completely out-of-character in a silly and carefree way. This may change their goals.
<br><br>
<strong>clumsy.</strong> The creature's extremities feel awkward to use. They are unable to wield weapons effectively and they drop things constantly.
<br><br>
<strong>blighted.</strong> The creature can't recover HP.
<br><br>
If you roll a failure, the affliction becomes contagious, rapidly spreading to any creature that touches your target. On a catastrophe, you also become afflicted.",harm,ROLL,DOCTOR,3
wither,4,"You touch a creature and cause their body to wither. Their lifespan does not change, but they experience some of the effects of advanced age. They begin to feel as if death is approaching on the horizon — a condition that may change the creature's behavior and goals.",harm,,DOCTOR,4
heartkill,6,"You touch a commoner or minion and curse their heart. (This spell only works on creatures with a heart.) You may choose to instantly cause their heart to explode, killing them. Or you may turn their heart into a time bomb that explodes after a delay of up to 1 year.
<br><br>
If you use this spell on a boss, it acts like a tripwire. If the boss is reduced to 20 percent or less of its maximum hit points while cursed, its heart explodes and it dies instantly.",harm,,DOCTOR,5
modulate  ,1,"You alter the nature and intensity of a nearby creature's physical sensations for up to 1 hour. Choose one effect each time you use this spell:
<br><br>
<strong>temperature.</strong> The creature feels a relaxing sensation of inner warmth or a cool external breeze. Or you can make them feel too hot or too cold.
<br><br>
<strong>nourishment.</strong> The creature either sees food and drink as revolting, feels an insatiable hunger and thirst, or feels perfectly fed and hydrated.
<br><br>
<strong>comfort.<strong> The creature either feels relaxed wherever they sit or lay, or they cannot find comfort however they arrange their body.",perception,,DOCTOR,1
shape senses ,0,"<div>
  <div class=""ap"">1</div>
   You touch a creature and manipulate their perception of color. For instance, you may make a target creature see green as purple. Or you may combine multiple colors, perhaps making the target see yellow and green as blue. You can also cause the target to see oversaturated colors, undersaturated colors, or give them monochromatic vision. You can choose any number of changes and combinations as long as they do not overlap.
</div>
<div>
  <div class=""ap"">2</div>
   You touch a commoner or minion, transporting one of their senses to a random part of the omniverse for the next day. You may choose to transport a single sense: feeling, sight, hearing, smell, or taste. The creature will experience its new surroundings as if they were actually there.
</div>",perception,VARIABLE,DOCTOR,2
 false sense ,3,"You touch a creature, causing it to perceive a specific thing or a category of things falsely. For example, you might have them see the town mayor as a clown or all wolves as puppies. Or you might have them think that freshly baked bread smells like fire. The spell lasts until you cancel it or until the creature is harmed by the effects of the deception.",perception,,DOCTOR,3
 forget,0,"<div>
  <div class=""ap"">4</div>
  You touch a creature, erasing its memory by up to 1 month in the past from the present day. This ability only works on sleeping creatures.
</div>
<div>
  <div class=""ap"">X</div>
  You touch a creature, erasing its memory by up to 1 month in the past from the present day. This ability only works on sleeping creatures.
x You may extend the memory loss by spending additional AP on the spell. Each AP you spend increases the effect by up to 1 additional year.
</div>
",perception,VARIABLE,DOCTOR,4
examine the dead ,1,"You evaluate a corpse within reach. The corpse must be intact enough for you to look at it. (It cannot be completely obliterated.) After a minute of inspection, you are able to determine the creature’s exact cause of death. You are also able to determine the time and date of its death.",examination,,DOCTOR,1
diagnose ,0,"ou touch a creature, extending your senses to diagnose a mysterious affliction, like a disease, spell, or curse. You must correctly guess the entire name of the affliction. If your guess
is wrong, the spell fails and you must spend 1 AP to try again.
<br><br>
The Guide will give you blanks to fill in that show how many words are in the name and how many letters are in each word. You may start by guessing letters that appear in the name. If you guess
a letter correctly, the Guide will reveal everywhere that letter appears in the name. If you guess incorrectly 6 times, the spell fails.
<br>
<div class=""roll-list""> 
20: The Guide fills in half of the letters in the name.
<hr/>
11-19: The Guide fills in one vowel and two consonants.
<hr/>
1-10: The Guide fills in one consonant.
Once you have diagnosed an affliction, you can automatically identify it in the future by touching a creature.
</div>",examination,ROLL,DOCTOR,2
curious case,3,"If your scene contains something overtly suspicious, like a dead body or blood on the walls, you may investigate by considering things that seem familiar to you. You must pontificate about your past experience at the table to explain what is familiar to you.
<br><br>
Choose three details you already know about your scene. If you need more detail, ask the Guide what you sense.
<br><br>
You can then begin your short speech by saying something like, ""This reminds me of the curious case of _________________________."" Explain where you have seen the details in your scene before.
<br><br>
When you are finished, the Guide will reveal a useful clue about your scene to you. The Guide will choose one of these clues:
<ul>
  <li>The motive of the perpetrator who was involved in the scene.</li>
  <li>The nearby location of a hidden message, symbol, or other detail that reveals the name or affiliation of someone who was involved in the scene.</li>
  <li>Where someone who was involved in the scene might be headed next.</li>
</ul>",examination,,DOCTOR,3
genesis command,6,"You touch a creature, reversing or accelerating its development to a stage of life of your choosing. (This can only be used on bosses if they have less than 20 percent of their total HP remaining.) For example, you may revert an adult creature into a child, giving it the opportunity to grow old again.
<br><br>
The creature retains all of its memories, unless you revert it to infancy. The creature obtains the basic physical capabilities appropriate for its state of development.",legendary,,DOCTOR,1
banish,0,"<div>
  <div class=""ap"">1</div>
 You banish a nearby spirit creature to a random shadow plane
for the next hour. You do not know its destination. When its imprisonment is up, it reappears at its previous location.
</div>
<div>
  <div class=""ap"">5</div>
 You permanently banish a nearby spirit creature to a random shadow
plane. (This can only be used on bosses if they have less than 20 percent of their total HP remaining.)
</div>
",legendary,VARIABLE,DOCTOR,2
eternal slumber,4,"You touch a creature within reach, placing them in a permanent and peaceful sleep.
<br><br>
You may choose to tie the spell to a trigger that can cause it to end; for example, cursing them to sleep until they are embraced by a family member, or tying it to an object that must be destroyed to end the spell.
<br><br>
You can end the spell at any time you choose. You can only maintain this spell on one creature at a time; if you cast it again, the previous spell ends, freeing the creature from stasis.
<br><br>
(This can only be used on bosses if they have less than 20 percent of their total HP remaining.)",legendary,,DOCTOR,3
the bitter gift,9,"You touch a creature without self- awareness and bestow them with the bitter gift of selfhood. You must recite a statement at the table about what it means to be alive. It can be a passage from a book, a poem, or something else that expresses ideas about the meaning of life.
<br><br>
The target of the spell falls unconscious for the next minute as their body rapidly experiences 1 million years of evolution toward self-awareness. The evolutionary process alters the animal's physical features and capabilities in ways you may not expect.
<br><br>
The new creature is thrown into
the world with competency in one language, a sense of self-identity, and a vague awareness of its past life, including a few specific memories of significant moments. Another way of putting it: they are now a person like you.
<br><br>
The creature knows you gave it life.",legendary,,DOCTOR,4
cosmopolitan,0,"You are an expert in the study of cosmopolitan cultures, particularly in cities and nations. If you are falsely presenting as a citizen or official of a city or nation and your authenticity
is challenged, you may use a local mannerism to fool common people.
<br><br>
You must come up with the mannerism and describe it to the table. It can be
a gesture, like a special handshake,
a common saying, or some other idiosyncrasy from the people you are pretending to belong to.",charisma,,SPY,1
silver tongue,1,"
<div>
  <div class=""ap"">1</div>
 If you are caught doing something prohibited or mischevious, you can use clever thinking to evade suspicion.
<br><br>
You must appeal to something that your adversaries find agreeable. The Guide will choose one of these as the right answer, and secretly write it down:
<br><br>
<strong>orders.</strong> Someone with authority commanded you to do it.
<strong>ignorance.</strong> You didn't know better. It was a genuine mixup!
<strong>graft.</strong> You offer something of value from your inventory to make this go away.
<br><br>
You must guess the right approach, and describe how you make the appeal.
</div>
<div>
  <div class=""ap"">1</div>
 For 1 extra AP, the Guide eliminates one of the incorrect choices.
After you give your story, the Guide will reveal the choice they wrote. If you guess correctly, your adversaries will leave you alone.
</div>",charisma,VARIABLE,SPY,2
don't you know who i am?,1,"You impress common folk and minions by pretending to be someone notable.
<br><br>
You initiate the ruse by giving a special wink to a party member. Then, each of your nearby party members must proclaim an incredible fact that creates your identity. For example, a party member might begin by calling attention to you as a fabled writer, a storied warrior, or a sports hero. The other members of the party should build on this fake identity until everyone has contributed. Each claim should be more fantastical than the previous one.
<br><br>
When everyone is finished, you draw a captive audience of nearby creatures who crowd around you.",charisma,,SPY,3
sneak attack ,0,"Once per round, when a nearby foe attacks a creature other than you, you may exploit their focus. You may immediately move behind them to perform one of the following actions:
<div>
  <div class=""ap"">1</div>
   You make a basic attack on them.
</div> 
<div>
  <div class=""ap"">1</div>
   You incapacitate a commoner or minion by touching one of their pressure points. They fall to the ground unconscious for the next 10 minutes, or until they are harmed.
</div> 
<div>
  <div class=""ap""> 3 </div>
  You kill a commoner or minion instantly. Describe how you take them out.
</div> ",termination,VARIABLE,SPY,1
poison  ,0,"You combine basic goods from any well-stocked general store to create poison. You create enough poison for one use. You can apply it to weapons, put it in drinks or meals, or serve it to a creature directly. Regardless of delivery method, each use of the poison can only affect one creature. Choose any combination of effects:
<div>
  <div class=""ap"">1</div>
   <strong>blue.</strong> The victim falls asleep for 1 hour.
</div> 
<div>
  <div class=""ap"">2</div>
  <strong>white.</strong> The victim writhes in extreme pain for 1 hour and is unable to speak.
</div> 
<div>
  <div class=""ap""> 3 </div>
  <strong>purple.</strong> The victim collapses and is paralyzed for the next day.
</div> 
<div>
  <div class=""ap""> 4 </div>
   <strong>black.</strong> Commoners and minions are instantly killed. Bosses are hit for 10 HP.
</div> 
<div>
  <div class=""ap""> 6 </div>
   <strong>clear.</strong> The victim experiences no symptoms and dies 1 week later. (This does not work on bosses.)
</div> ",termination,VARIABLE,SPY,2
death hand ,3,"magic item. A single-shot hand cannon
that uses a silent magic charge to propel a slug. The Death Hand can sense your target and guide your hand to make a perfect shot on any target you can see in your scene, including those that are far away. The shot hits for 6 HP. It instantly kills commoners and minions.
<div>
  <div class=""ap"">3</div>
   <strong>black.</strong> You must spend 3 AP and one turn each time you recharge the weapon.
</div> ",termination,,SPY,3
bounty,5,"You place a bounty on a commoner or minion's head for their capture or death. You must offer an item of value as a reward in addition to the AP cost of this ability that is at least rare in quality. Bounty hunters will compete for the prize.
<br><br>
If for capture, you may specify where they are to be taken. If you mark them for death, you may require any manner of proof that the deed was done.
<br><br>
<div class=""roll-list"">
20: The deed will be done by the end of your play session.
<hr/>
11-19: The deed will be done by the end of your next play session.
<hr/>
1-10: The target learns of the bounty and places one on your head. You are not sure who bounty hunters will reach first.
<div>",termination,ROLL,SPY,4